date,rate
19990104,1.1812
19990105,1.1760
19990106,1.1636
19990107,1.1672
19990108,1.1554
19990111,1.1534
19990112,1.1548
19990113,1.1698
19990114,1.1689
19990115,1.1591
19990119,1.1610
19990120,1.1575
19990121,1.1577
19990122,1.1582
19990125,1.1566
19990126,1.1577
19990127,1.1481
19990128,1.1395
19990129,1.1371
19990201,1.1303
19990202,1.1328
19990203,1.1339
19990204,1.1306
19990205,1.1283
19990208,1.1296
19990209,1.1300
19990210,1.1331
19990211,1.1303
19990212,1.1282
19990216,1.1189
19990217,1.1230
19990218,1.1223
19990219,1.1075
19990222,1.1037
19990223,1.0993
19990224,1.0972
19990225,1.1068
19990226,1.0995
19990301,1.0891
19990302,1.0931
19990303,1.0888
19990304,1.0824
19990305,1.0843
19990308,1.0899
19990309,1.0873
19990310,1.0961
19990311,1.0932
19990312,1.0936
19990315,1.0930
19990316,1.0915
19990317,1.1015
19990318,1.0990
19990319,1.0923
19990322,1.0915
19990323,1.0918
19990324,1.0921
19990325,1.0871
19990326,1.0743
19990329,1.0716
19990330,1.0732
19990331,1.0808
19990401,1.0782
19990402,1.0782
19990405,1.0706
19990406,1.0838
19990407,1.0784
19990408,1.0835
19990409,1.0786
19990412,1.0842
19990413,1.0780
19990414,1.0779
19990415,1.0717
19990416,1.0688
19990419,1.0608
19990420,1.0630
19990421,1.0612
19990422,1.0598
19990423,1.0634
19990426,1.0590
19990427,1.0649
19990428,1.0616
19990429,1.0591
19990430,1.0564
19990503,1.0571
19990504,1.0593
19990505,1.0724
19990506,1.0779
19990507,1.0781
19990510,1.0787
19990511,1.0720
19990512,1.0666
19990513,1.0626
19990514,1.0650
19990517,1.0672
19990518,1.0672
19990519,1.0641
19990520,1.0630
19990521,1.0577
19990524,1.0593
19990525,1.0587
19990526,1.0471
19990527,1.0439
19990528,1.0422
19990601,1.0449
19990602,1.0357
19990603,1.0355
19990604,1.0327
19990607,1.0296
19990608,1.0438
19990609,1.0450
19990610,1.0477
19990611,1.0516
19990614,1.0416
19990615,1.0420
19990616,1.0298
19990617,1.0329
19990618,1.0368
19990621,1.0323
19990622,1.0323
19990623,1.0316
19990624,1.0372
19990625,1.0448
19990628,1.0373
19990629,1.0337
19990630,1.0310
19990701,1.0236
19990702,1.0244
19990706,1.0249
19990707,1.0224
19990708,1.0198
19990709,1.0186
19990712,1.0139
19990713,1.0176
19990714,1.0215
19990715,1.0220
19990716,1.0203
19990719,1.0203
19990720,1.0420
19990721,1.0526
19990722,1.0509
19990723,1.0497
19990726,1.0651
19990727,1.0627
19990728,1.0644
19990729,1.0719
19990730,1.0694
19990802,1.0661
19990803,1.0680
19990804,1.0766
19990805,1.0793
19990806,1.0770
19990809,1.0694
19990810,1.0752
19990811,1.0660
19990812,1.0636
19990813,1.0568
19990816,1.0557
19990817,1.0525
19990818,1.0505
19990819,1.0643
19990820,1.0654
19990823,1.0553
19990824,1.0506
19990825,1.0461
19990826,1.0441
19990827,1.0460
19990830,1.0445
19990831,1.0581
19990901,1.0582
19990902,1.0689
19990903,1.0605
19990907,1.0581
19990908,1.0590
19990909,1.0543
19990910,1.0402
19990913,1.0400
19990914,1.0408
19990915,1.0385
19990916,1.0418
19990917,1.0399
19990920,1.0408
19990921,1.0460
19990922,1.0500
19990923,1.0415
19990924,1.0466
19990927,1.0431
19990928,1.0509
19990929,1.0613
19990930,1.0643
19991001,1.0718
19991004,1.0703
19991005,1.0693
19991006,1.0704
19991007,1.0721
19991008,1.0630
19991012,1.0737
19991013,1.0758
19991014,1.0799
19991015,1.0887
19991018,1.0863
19991019,1.0833
19991020,1.0765
19991021,1.0808
19991022,1.0678
19991025,1.0666
19991026,1.0578
19991027,1.0532
19991028,1.0519
19991029,1.0518
19991101,1.0494
19991102,1.0506
19991103,1.0485
19991104,1.0440
19991105,1.0400
19991108,1.0363
19991109,1.0401
19991110,1.0436
19991112,1.0315
19991115,1.0315
19991116,1.0312
19991117,1.0403
19991118,1.0297
19991119,1.0313
19991122,1.0327
19991123,1.0261
19991124,1.0176
19991126,1.0137
19991129,1.0100
19991130,1.0077
19991201,1.0059
19991202,1.0023
19991203,1.0016
19991206,1.0252
19991207,1.0222
19991208,1.0263
19991209,1.0161
19991210,1.0158
19991213,1.0120
19991214,1.0067
19991215,1.0066
19991216,1.0169
19991217,1.0088
19991220,1.0066
19991221,1.0093
19991222,1.0080
19991223,1.0162
19991224,1.0128
19991227,1.0136
19991228,1.0068
19991229,1.0045
19991230,1.0024
19991231,1.0070
20000103,1.0155
20000104,1.0309
20000105,1.0335
20000106,1.0324
20000107,1.0294
20000110,1.0252
20000111,1.0322
20000112,1.0281
20000113,1.0270
20000114,1.0128
20000118,1.0121
20000119,1.0115
20000120,1.0133
20000121,1.0100
20000124,1.0019
20000125,1.0041
20000126,1.0011
20000127,0.9890
20000128,0.9765
20000131,0.9757
20000201,0.9731
20000202,0.9768
20000203,0.9887
20000204,0.9760
20000207,0.9783
20000208,0.9862
20000209,0.9914
20000210,0.9865
20000211,0.9847
20000214,0.9783
20000215,0.9834
20000216,0.9842
20000217,0.9863
20000218,0.9850
20000222,1.0060
20000223,1.0017
20000224,0.9931
20000225,0.9763
20000228,0.9669
20000229,0.9643
20000301,0.9700
20000302,0.9619
20000303,0.9618
20000306,0.9603
20000307,0.9560
20000308,0.9576
20000309,0.9684
20000310,0.9659
20000313,0.9648
20000314,0.9644
20000315,0.9696
20000316,0.9710
20000317,0.9694
20000320,0.9710
20000321,0.9703
20000322,0.9608
20000323,0.9691
20000324,0.9724
20000327,0.9645
20000328,0.9614
20000329,0.9524
20000330,0.9594
20000331,0.9574
20000403,0.9560
20000404,0.9588
20000405,0.9647
20000406,0.9580
20000407,0.9590
20000410,0.9588
20000411,0.9591
20000412,0.9551
20000413,0.9524
20000414,0.9564
20000417,0.9550
20000418,0.9477
20000419,0.9369
20000420,0.9376
20000421,0.9379
20000424,0.9396
20000425,0.9265
20000426,0.9217
20000427,0.9083
20000428,0.9089
20000501,0.9120
20000502,0.9068
20000503,0.8891
20000504,0.8907
20000505,0.8953
20000508,0.8950
20000509,0.9023
20000510,0.9097
20000511,0.9021
20000512,0.9080
20000515,0.9138
20000516,0.9053
20000517,0.8921
20000518,0.8952
20000519,0.8946
20000522,0.9036
20000523,0.9032
20000524,0.9096
20000525,0.9072
20000526,0.9310
20000530,0.9314
20000531,0.9328
20000601,0.9307
20000602,0.9432
20000605,0.9471
20000606,0.9570
20000607,0.9600
20000608,0.9548
20000609,0.9526
20000612,0.9544
20000613,0.9619
20000614,0.9590
20000615,0.9530
20000616,0.9648
20000619,0.9622
20000620,0.9557
20000621,0.9455
20000622,0.9398
20000623,0.9358
20000626,0.9382
20000627,0.9444
20000628,0.9444
20000629,0.9515
20000630,0.9545
20000703,0.9526
20000705,0.9548
20000706,0.9527
20000707,0.9484
20000710,0.9521
20000711,0.9497
20000712,0.9401
20000713,0.9339
20000714,0.9374
20000717,0.9351
20000718,0.9322
20000719,0.9237
20000720,0.9292
20000721,0.9343
20000724,0.9314
20000725,0.9391
20000726,0.9413
20000727,0.9331
20000728,0.9246
20000731,0.9266
20000801,0.9228
20000802,0.9137
20000803,0.9042
20000804,0.9075
20000807,0.9105
20000808,0.9019
20000809,0.8991
20000810,0.9077
20000811,0.9046
20000814,0.9037
20000815,0.9135
20000816,0.9143
20000817,0.9152
20000818,0.9068
20000821,0.9027
20000822,0.8965
20000823,0.8967
20000824,0.9028
20000825,0.9024
20000828,0.9002
20000829,0.8966
20000830,0.8924
20000831,0.8878
20000901,0.8993
20000905,0.8876
20000906,0.8702
20000907,0.8740
20000908,0.8664
20000911,0.8624
20000912,0.8596
20000913,0.8640
20000914,0.8617
20000915,0.8572
20000918,0.8523
20000919,0.8514
20000920,0.8462
20000921,0.8558
20000922,0.8793
20000925,0.8738
20000926,0.8815
20000927,0.8805
20000928,0.8826
20000929,0.8837
20001002,0.8806
20001003,0.8741
20001004,0.8726
20001005,0.8685
20001006,0.8680
20001010,0.8682
20001011,0.8715
20001012,0.8644
20001013,0.8568
20001016,0.8489
20001017,0.8507
20001018,0.8391
20001019,0.8406
20001020,0.8400
20001023,0.8364
20001024,0.8364
20001025,0.8270
20001026,0.8271
20001027,0.8406
20001030,0.8432
20001031,0.8486
20001101,0.8584
20001102,0.8594
20001103,0.8614
20001106,0.8584
20001107,0.8583
20001108,0.8559
20001109,0.8574
20001110,0.8625
20001113,0.8607
20001114,0.8573
20001115,0.8570
20001116,0.8532
20001117,0.8516
20001120,0.8486
20001121,0.8458
20001122,0.8423
20001124,0.8382
20001127,0.8500
20001128,0.8547
20001129,0.8577
20001130,0.8694
20001201,0.8765
20001204,0.8875
20001205,0.8804
20001206,0.8877
20001207,0.8891
20001208,0.8838
20001211,0.8771
20001212,0.8775
20001213,0.8755
20001214,0.8858
20001215,0.8981
20001218,0.8929
20001219,0.8902
20001220,0.9058
20001221,0.9112
20001222,0.9230
20001226,0.9292
20001227,0.9304
20001228,0.9257
20001229,0.9388
20010102,0.9465
20010103,0.9473
20010104,0.9448
20010105,0.9535
20010108,0.9486
20010109,0.9397
20010110,0.9387
20010111,0.9520
20010112,0.9486
20010116,0.9374
20010117,0.9306
20010118,0.9446
20010119,0.9363
20010122,0.9374
20010123,0.9389
20010124,0.9258
20010125,0.9219
20010126,0.9213
20010129,0.9181
20010130,0.9264
20010131,0.9308
20010201,0.9384
20010202,0.9357
20010205,0.9395
20010206,0.9304
20010207,0.9331
20010208,0.9184
20010209,0.9267
20010212,0.9287
20010213,0.9204
20010214,0.9197
20010215,0.9057
20010216,0.9162
20010220,0.9096
20010221,0.9077
20010222,0.9069
20010223,0.9095
20010226,0.9093
20010227,0.9128
20010228,0.9212
20010301,0.9291
20010302,0.9340
20010305,0.9289
20010306,0.9313
20010307,0.9274
20010308,0.9281
20010309,0.9315
20010312,0.9300
20010313,0.9148
20010314,0.9133
20010315,0.9046
20010316,0.8929
20010319,0.8985
20010320,0.9054
20010321,0.8970
20010322,0.8881
20010323,0.8926
20010326,0.8955
20010327,0.8910
20010328,0.8882
20010329,0.8807
20010330,0.8794
20010402,0.8824
20010403,0.8930
20010404,0.9013
20010405,0.8976
20010406,0.9002
20010409,0.9014
20010410,0.8884
20010411,0.8856
20010412,0.8922
20010413,0.8888
20010416,0.8862
20010417,0.8814
20010418,0.8816
20010419,0.8909
20010420,0.9032
20010423,0.8960
20010424,0.8946
20010425,0.8972
20010426,0.9011
20010427,0.8924
20010430,0.8874
20010501,0.8937
20010502,0.8925
20010503,0.8891
20010504,0.8934
20010507,0.8916
20010508,0.8848
20010509,0.8845
20010510,0.8792
20010511,0.8759
20010514,0.8748
20010515,0.8788
20010516,0.8842
20010517,0.8828
20010518,0.8774
20010521,0.8762
20010522,0.8657
20010523,0.8598
20010524,0.8570
20010525,0.8577
20010529,0.8547
20010530,0.8576
20010531,0.8455
20010601,0.8452
20010604,0.8449
20010605,0.8504
20010606,0.8452
20010607,0.8506
20010608,0.8505
20010611,0.8425
20010612,0.8479
20010613,0.8536
20010614,0.8598
20010615,0.8628
20010618,0.8610
20010619,0.8558
20010620,0.8506
20010621,0.8544
20010622,0.8570
20010625,0.8611
20010626,0.8623
20010627,0.8621
20010628,0.8470
20010629,0.8474
20010702,0.8455
20010703,0.8477
20010705,0.8370
20010706,0.8465
20010709,0.8474
20010710,0.8557
20010711,0.8614
20010712,0.8530
20010713,0.8527
20010716,0.8549
20010717,0.8549
20010718,0.8701
20010719,0.8690
20010720,0.8713
20010723,0.8676
20010724,0.8752
20010725,0.8797
20010726,0.8765
20010727,0.8749
20010730,0.8750
20010731,0.8752
20010801,0.8793
20010802,0.8813
20010803,0.8843
20010806,0.8802
20010807,0.8775
20010808,0.8778
20010809,0.8886
20010810,0.8940
20010813,0.8983
20010814,0.9025
20010815,0.9114
20010816,0.9138
20010817,0.9165
20010820,0.9127
20010821,0.9115
20010822,0.9194
20010823,0.9166
20010824,0.9116
20010827,0.9098
20010828,0.9102
20010829,0.9097
20010830,0.9154
20010831,0.9090
20010904,0.8868
20010905,0.8897
20010906,0.8943
20010907,0.9044
20010910,0.8988
20010912,0.9069
20010913,0.9089
20010914,0.9199
20010917,0.9198
20010918,0.9233
20010919,0.9310
20010920,0.9255
20010921,0.9099
20010924,0.9135
20010925,0.9222
20010926,0.9231
20010927,0.9181
20010928,0.9099
20011001,0.9159
20011002,0.9149
20011003,0.9181
20011004,0.9141
20011005,0.9168
20011009,0.9150
20011010,0.9118
20011011,0.9008
20011012,0.9078
20011015,0.9077
20011016,0.9094
20011017,0.9065
20011018,0.9025
20011019,0.8987
20011022,0.8906
20011023,0.8893
20011024,0.8925
20011025,0.8965
20011026,0.8921
20011029,0.9037
20011030,0.9060
20011031,0.8993
20011101,0.9044
20011102,0.9037
20011105,0.8963
20011106,0.8975
20011107,0.8999
20011108,0.8910
20011109,0.8935
20011113,0.8811
20011114,0.8829
20011115,0.8813
20011116,0.8849
20011119,0.8781
20011120,0.8832
20011121,0.8781
20011123,0.8770
20011126,0.8811
20011127,0.8812
20011128,0.8863
20011129,0.8879
20011130,0.8958
20011203,0.8897
20011204,0.8898
20011205,0.8856
20011206,0.8916
20011207,0.8905
20011210,0.8884
20011211,0.8904
20011212,0.8945
20011213,0.8976
20011214,0.9044
20011217,0.9040
20011218,0.9019
20011219,0.8997
20011220,0.8972
20011221,0.8864
20011224,0.8773
20011226,0.8778
20011227,0.8843
20011228,0.8822
20011231,0.8901
20020102,0.9031
20020103,0.8992
20020104,0.8946
20020107,0.8931
20020108,0.8925
20020109,0.8882
20020110,0.8925
20020111,0.8905
20020114,0.8935
20020115,0.8913
20020116,0.8834
20020117,0.8800
20020118,0.8844
20020122,0.8838
20020123,0.8836
20020124,0.8782
20020125,0.8655
20020128,0.8605
20020129,0.8643
20020130,0.8648
20020131,0.8594
20020201,0.8613
20020204,0.8685
20020205,0.8672
20020206,0.8693
20020207,0.8690
20020208,0.8727
20020211,0.8778
20020212,0.8768
20020213,0.8730
20020214,0.8713
20020215,0.8730
20020219,0.8764
20020220,0.8705
20020221,0.8712
20020222,0.8757
20020225,0.8713
20020226,0.8682
20020227,0.8642
20020228,0.8658
20020301,0.8652
20020304,0.8705
20020305,0.8699
20020306,0.8772
20020307,0.8795
20020308,0.8752
20020311,0.8768
20020312,0.8759
20020313,0.8770
20020314,0.8816
20020315,0.8823
20020318,0.8826
20020319,0.8805
20020320,0.8836
20020321,0.8836
20020322,0.8791
20020325,0.8768
20020326,0.8767
20020327,0.8726
20020328,0.8711
20020329,0.8717
20020401,0.8806
20020402,0.8782
20020403,0.8804
20020404,0.8779
20020405,0.8805
20020408,0.8750
20020409,0.8793
20020410,0.8794
20020411,0.8829
20020412,0.8792
20020415,0.8802
20020416,0.8830
20020417,0.8885
20020418,0.8898
20020419,0.8893
20020422,0.8877
20020423,0.8897
20020424,0.8915
20020425,0.8978
20020426,0.8980
20020429,0.9028
20020430,0.9002
20020501,0.9062
20020502,0.9032
20020503,0.9133
20020506,0.9166
20020507,0.9148
20020508,0.9040
20020509,0.9088
20020510,0.9116
20020513,0.9107
20020514,0.9022
20020515,0.9074
20020516,0.9105
20020517,0.9206
20020520,0.9213
20020521,0.9191
20020522,0.9265
20020523,0.9233
20020524,0.9220
20020528,0.9285
20020529,0.9313
20020530,0.9373
20020531,0.9339
20020603,0.9390
20020604,0.9424
20020605,0.9391
20020606,0.9457
20020607,0.9449
20020610,0.9446
20020611,0.9445
20020612,0.9473
20020613,0.9440
20020614,0.9448
20020617,0.9442
20020618,0.9483
20020619,0.9544
20020620,0.9646
20020621,0.9705
20020624,0.9786
20020625,0.9692
20020626,0.9825
20020627,0.9885
20020628,0.9856
20020701,0.9893
20020702,0.9840
20020703,0.9816
20020705,0.9730
20020708,0.9869
20020709,0.9938
20020710,0.9890
20020711,0.9927
20020712,0.9904
20020715,1.0072
20020716,1.0087
20020717,1.0078
20020718,1.0067
20020719,1.0156
20020722,1.0098
20020723,0.9933
20020724,0.9945
20020725,0.9997
20020726,0.9882
20020729,0.9779
20020730,0.9879
20020731,0.9796
20020801,0.9843
20020802,0.9882
20020805,0.9846
20020806,0.9640
20020807,0.9738
20020808,0.9653
20020809,0.9714
20020812,0.9778
20020813,0.9787
20020814,0.9867
20020815,0.9816
20020816,0.9836
20020819,0.9775
20020820,0.9779
20020821,0.9796
20020822,0.9697
20020823,0.9726
20020826,0.9731
20020827,0.9814
20020828,0.9820
20020829,0.9829
20020830,0.9806
20020903,0.9959
20020904,0.9923
20020905,0.9911
20020906,0.9843
20020909,0.9817
20020910,0.9752
20020911,0.9724
20020912,0.9761
20020913,0.9743
20020916,0.9723
20020917,0.9685
20020918,0.9789
20020919,0.9817
20020920,0.9839
20020923,0.9822
20020924,0.9815
20020925,0.9797
20020926,0.9755
20020927,0.9772
20020930,0.9879
20021001,0.9859
20021002,0.9842
20021003,0.9871
20021004,0.9821
20021007,0.9816
20021008,0.9796
20021009,0.9868
20021010,0.9861
20021011,0.9854
20021015,0.9810
20021016,0.9824
20021017,0.9718
20021018,0.9708
20021021,0.9732
20021022,0.9782
20021023,0.9772
20021024,0.9742
20021025,0.9767
20021028,0.9843
20021029,0.9851
20021030,0.9835
20021031,0.9881
20021101,0.9971
20021104,0.9953
20021105,0.9994
20021106,0.9974
20021107,1.0092
20021108,1.0139
20021112,1.0105
20021113,1.0060
20021114,1.0034
20021115,1.0082
20021118,1.0083
20021119,1.0107
20021120,1.0024
20021121,0.9984
20021122,0.9966
20021125,0.9937
20021126,0.9913
20021127,0.9895
20021129,0.9932
20021202,0.9927
20021203,0.9968
20021204,0.9999
20021205,0.9989
20021206,1.0081
20021209,1.0088
20021210,1.0073
20021211,1.0083
20021212,1.0189
20021213,1.0226
20021216,1.0210
20021217,1.0267
20021218,1.0254
20021219,1.0217
20021220,1.0268
20021223,1.0217
20021224,1.0305
20021226,1.0358
20021227,1.0411
20021230,1.0460
20021231,1.0485
20030102,1.0361
20030103,1.0418
20030106,1.0469
20030107,1.0419
20030108,1.0447
20030109,1.0467
20030110,1.0535
20030113,1.0535
20030114,1.0571
20030115,1.0576
20030116,1.0569
20030117,1.0660
20030121,1.0677
20030122,1.0729
20030123,1.0767
20030124,1.0825
20030127,1.0838
20030128,1.0833
20030129,1.0861
20030130,1.0776
20030131,1.0739
20030203,1.0761
20030204,1.0875
20030205,1.0842
20030206,1.0828
20030207,1.0801
20030210,1.0740
20030211,1.0747
20030212,1.0716
20030213,1.0834
20030214,1.0799
20030218,1.0708
20030219,1.0744
20030220,1.0821
20030221,1.0787
20030224,1.0783
20030225,1.0782
20030226,1.0797
20030227,1.0763
20030228,1.0779
20030303,1.0835
20030304,1.0883
20030305,1.0967
20030306,1.0997
20030307,1.1014
20030310,1.1062
20030311,1.1028
20030312,1.1023
20030313,1.0870
20030314,1.0725
20030317,1.0606
20030318,1.0624
20030319,1.0590
20030320,1.0613
20030321,1.0545
20030324,1.0644
20030325,1.0673
20030326,1.0677
20030327,1.0708
20030328,1.0762
20030331,1.0900
20030401,1.0904
20030402,1.0765
20030403,1.0736
20030404,1.0711
20030407,1.0621
20030408,1.0684
20030409,1.0722
20030410,1.0803
20030411,1.0751
20030414,1.0773
20030415,1.0801
20030416,1.0872
20030417,1.0907
20030418,1.0882
20030421,1.0857
20030422,1.0966
20030423,1.0949
20030424,1.1039
20030425,1.1040
20030428,1.0999
20030429,1.1010
20030430,1.1180
20030501,1.1238
20030502,1.1200
20030505,1.1271
20030506,1.1354
20030507,1.1340
20030508,1.1453
20030509,1.1498
20030512,1.1557
20030513,1.1499
20030514,1.1498
20030515,1.1457
20030516,1.1542
20030519,1.1686
20030520,1.1685
20030521,1.1707
20030522,1.1700
20030523,1.1786
20030527,1.1853
20030528,1.1742
20030529,1.1835
20030530,1.1766
20030602,1.1744
20030603,1.1702
20030604,1.1708
20030605,1.1870
20030606,1.1695
20030609,1.1743
20030610,1.1686
20030611,1.1764
20030612,1.1767
20030613,1.1830
20030616,1.1843
20030617,1.1812
20030618,1.1710
20030619,1.1678
20030620,1.1616
20030623,1.1548
20030624,1.1498
20030625,1.1592
20030626,1.1429
20030627,1.1423
20030630,1.1502
20030701,1.1580
20030702,1.1524
20030703,1.1503
20030707,1.1341
20030708,1.1265
20030709,1.1311
20030710,1.1390
20030711,1.1304
20030714,1.1298
20030715,1.1233
20030716,1.1209
20030717,1.1164
20030718,1.1239
20030721,1.1346
20030722,1.1325
20030723,1.1484
20030724,1.1441
20030725,1.1513
20030728,1.1497
20030729,1.1466
20030730,1.1367
20030731,1.1231
20030801,1.1252
20030804,1.1337
20030805,1.1349
20030806,1.1357
20030807,1.1390
20030808,1.1321
20030811,1.1349
20030812,1.1304
20030813,1.1317
20030814,1.1249
20030815,1.1255
20030818,1.1138
20030819,1.1117
20030820,1.1104
20030821,1.0976
20030822,1.0871
20030825,1.0892
20030826,1.0893
20030827,1.0906
20030828,1.0896
20030829,1.0986
20030902,1.0872
20030903,1.0845
20030904,1.0899
20030905,1.1073
20030908,1.1124
20030909,1.1190
20030910,1.1195
20030911,1.1186
20030912,1.1307
20030915,1.1304
20030916,1.1166
20030917,1.1239
20030918,1.1240
20030919,1.1346
20030922,1.1468
20030923,1.1487
20030924,1.1472
20030925,1.1484
20030926,1.1482
20030929,1.1578
20030930,1.1650
20031001,1.1708
20031002,1.1717
20031003,1.1596
20031006,1.1706
20031007,1.1784
20031008,1.1805
20031009,1.1695
20031010,1.1812
20031014,1.1724
20031015,1.1652
20031016,1.1665
20031017,1.1630
20031020,1.1671
20031021,1.1676
20031022,1.1805
20031023,1.1795
20031024,1.1833
20031027,1.1762
20031028,1.1689
20031029,1.1673
20031030,1.1694
20031031,1.1609
20031103,1.1454
20031104,1.1497
20031105,1.1473
20031106,1.1417
20031107,1.1505
20031110,1.1515
20031112,1.1647
20031113,1.1711
20031114,1.1743
20031117,1.1744
20031118,1.1893
20031119,1.1909
20031120,1.1895
20031121,1.1913
20031124,1.1768
20031125,1.1785
20031126,1.1918
20031128,1.1995
20031201,1.1956
20031202,1.2084
20031203,1.2093
20031204,1.2077
20031205,1.2157
20031208,1.2217
20031209,1.2229
20031210,1.2215
20031211,1.2164
20031212,1.2284
20031215,1.2290
20031216,1.2328
20031217,1.2381
20031218,1.2376
20031219,1.2380
20031222,1.2415
20031223,1.2406
20031224,1.2464
20031226,1.2441
20031229,1.2485
20031230,1.2521
20031231,1.2597
20040102,1.2592
20040105,1.2679
20040106,1.2773
20040107,1.2665
20040108,1.2772
20040109,1.2853
20040112,1.2802
20040113,1.2735
20040114,1.2726
20040115,1.2588
20040116,1.2395
20040120,1.2584
20040121,1.2617
20040122,1.2717
20040123,1.2610
20040126,1.2552
20040127,1.2643
20040128,1.2620
20040129,1.2389
20040130,1.2452
20040202,1.2426
20040203,1.2561
20040204,1.2552
20040205,1.2606
20040206,1.2694
20040209,1.2672
20040210,1.2727
20040211,1.2815
20040212,1.2807
20040213,1.2751
20040217,1.2848
20040218,1.2812
20040219,1.2685
20040220,1.2563
20040223,1.2569
20040224,1.2692
20040225,1.2503
20040226,1.2444
20040227,1.2441
20040301,1.2431
20040302,1.2212
20040303,1.2088
20040304,1.2225
20040305,1.2401
20040308,1.2371
20040309,1.2428
20040310,1.2226
20040311,1.2268
20040312,1.2191
20040315,1.2243
20040316,1.2270
20040317,1.2197
20040318,1.2392
20040319,1.2269
20040322,1.2368
20040323,1.2311
20040324,1.2213
20040325,1.2170
20040326,1.2092
20040329,1.2141
20040330,1.2202
20040331,1.2292
20040401,1.2358
20040402,1.2109
20040405,1.2008
20040406,1.2089
20040407,1.2171
20040408,1.2088
20040409,1.2102
20040412,1.2068
20040413,1.1923
20040414,1.1940
20040415,1.1914
20040416,1.2025
20040419,1.2019
20040420,1.1910
20040421,1.1853
20040422,1.1861
20040423,1.1802
20040426,1.1851
20040427,1.1927
20040428,1.1830
20040429,1.1945
20040430,1.1975
20040503,1.1937
20040504,1.2076
20040505,1.2165
20040506,1.2090
20040507,1.1885
20040510,1.1834
20040511,1.1818
20040512,1.1911
20040513,1.1801
20040514,1.1874
20040517,1.2009
20040518,1.1971
20040519,1.2015
20040520,1.1926
20040521,1.2009
20040524,1.1978
20040525,1.2107
20040526,1.2102
20040527,1.2274
20040528,1.2217
20040601,1.2210
20040602,1.2250
20040603,1.2205
20040604,1.2258
20040607,1.2320
20040608,1.2273
20040609,1.2097
20040610,1.2110
20040611,1.2011
20040614,1.2073
20040615,1.2139
20040616,1.2006
20040617,1.2040
20040618,1.2118
20040621,1.2110
20040622,1.2092
20040623,1.2090
20040624,1.2170
20040625,1.2145
20040628,1.2193
20040629,1.2124
20040630,1.2179
20040701,1.2158
20040702,1.2307
20040706,1.2290
20040707,1.2384
20040708,1.2390
20040709,1.2388
20040712,1.2409
20040713,1.2302
20040714,1.2385
20040715,1.2373
20040716,1.2437
20040719,1.2431
20040720,1.2377
20040721,1.2224
20040722,1.2273
20040723,1.2122
20040726,1.2135
20040727,1.2056
20040728,1.2046
20040729,1.2070
20040730,1.2032
20040802,1.2034
20040803,1.2051
20040804,1.2057
20040805,1.2050
20040806,1.2272
20040809,1.2261
20040810,1.2306
20040811,1.2222
20040812,1.2224
20040813,1.2354
20040816,1.2333
20040817,1.2329
20040818,1.2299
20040819,1.2368
20040820,1.2324
20040823,1.2196
20040824,1.2099
20040825,1.2090
20040826,1.2084
20040827,1.2025
20040830,1.2049
20040831,1.2183
20040901,1.2179
20040902,1.2164
20040903,1.2052
20040907,1.2093
20040908,1.2164
20040909,1.2189
20040910,1.2282
20040913,1.2251
20040914,1.2268
20040915,1.2144
20040916,1.2154
20040917,1.2174
20040920,1.2172
20040921,1.2264
20040922,1.2261
20040923,1.2298
20040924,1.2256
20040927,1.2307
20040928,1.2306
20040929,1.2308
20040930,1.2417
20041001,1.2400
20041004,1.2274
20041005,1.2316
20041006,1.2298
20041007,1.2286
20041008,1.2418
20041012,1.2320
20041013,1.2271
20041014,1.2393
20041015,1.2478
20041018,1.2520
20041019,1.2515
20041020,1.2627
20041021,1.2622
20041022,1.2639
20041025,1.2783
20041026,1.2758
20041027,1.2725
20041028,1.2759
20041029,1.2746
20041101,1.2741
20041102,1.2703
20041103,1.2787
20041104,1.2883
20041105,1.2938
20041108,1.2936
20041109,1.2930
20041110,1.2925
20041112,1.2973
20041115,1.2944
20041116,1.2979
20041117,1.3031
20041118,1.2982
20041119,1.3059
20041122,1.3048
20041123,1.3090
20041124,1.3162
20041126,1.3288
20041129,1.3286
20041130,1.3259
20041201,1.3308
20041202,1.3268
20041203,1.3390
20041206,1.3431
20041207,1.3437
20041208,1.3252
20041209,1.3274
20041210,1.3224
20041213,1.3309
20041214,1.3280
20041215,1.3429
20041216,1.3287
20041217,1.3295
20041220,1.3396
20041221,1.3377
20041222,1.3390
20041223,1.3491
20041224,1.3536
20041227,1.3625
20041228,1.3621
20041229,1.3568
20041230,1.3623
20041231,1.3538
20050103,1.3476
20050104,1.3295
20050105,1.3292
20050106,1.3187
20050107,1.3062
20050110,1.3109
20050111,1.3161
20050112,1.3281
20050113,1.3207
20050114,1.3106
20050118,1.3043
20050119,1.3036
20050120,1.2959
20050121,1.3049
20050124,1.3041
20050125,1.2954
20050126,1.3081
20050127,1.3032
20050128,1.3033
20050131,1.3049
20050201,1.3017
20050202,1.3015
20050203,1.2959
20050204,1.2927
20050207,1.2773
20050208,1.2783
20050209,1.2797
20050210,1.2882
20050211,1.2864
20050214,1.2981
20050215,1.2986
20050216,1.2994
20050217,1.3083
20050218,1.3075
20050222,1.3230
20050223,1.3208
20050224,1.3205
20050225,1.3195
20050228,1.3274
20050301,1.3189
20050302,1.3127
20050303,1.3130
20050304,1.3244
20050307,1.3203
20050308,1.3342
20050309,1.3384
20050310,1.3409
20050311,1.3465
20050314,1.3346
20050315,1.3315
20050316,1.3423
20050317,1.3373
20050318,1.3311
20050321,1.3165
20050322,1.3210
20050323,1.3005
20050324,1.2957
20050325,1.2954
20050328,1.2877
20050329,1.2913
20050330,1.2944
20050331,1.2969
20050401,1.2896
20050404,1.2838
20050405,1.2842
20050406,1.2868
20050407,1.2906
20050408,1.2912
20050411,1.2972
20050412,1.2873
20050413,1.2918
20050414,1.2819
20050415,1.2928
20050418,1.3037
20050419,1.3034
20050420,1.3080
20050421,1.3093
20050422,1.3068
20050425,1.2984
20050426,1.2964
20050427,1.2938
20050428,1.2916
20050429,1.2919
20050502,1.2857
20050503,1.2889
20050504,1.2936
20050505,1.2936
20050506,1.2832
20050509,1.2839
20050510,1.2877
20050511,1.2803
20050512,1.2706
20050513,1.2645
20050516,1.2630
20050517,1.2644
20050518,1.2660
20050519,1.2628
20050520,1.2553
20050523,1.2575
20050524,1.2588
20050525,1.2602
20050526,1.2517
20050527,1.2568
20050531,1.2349
20050601,1.2232
20050602,1.2266
20050603,1.2227
20050606,1.2268
20050607,1.2277
20050608,1.2320
20050609,1.2216
20050610,1.2127
20050613,1.2035
20050614,1.2038
20050615,1.2106
20050616,1.2089
20050617,1.2240
20050620,1.2140
20050621,1.2134
20050622,1.2130
20050623,1.2054
20050624,1.2088
20050627,1.2152
20050628,1.2078
20050629,1.2101
20050630,1.2098
20050701,1.1957
20050705,1.1917
20050706,1.1918
20050707,1.1928
20050708,1.1934
20050711,1.2066
20050712,1.2200
20050713,1.2090
20050714,1.2089
20050715,1.2037
20050718,1.2077
20050719,1.2001
20050720,1.2046
20050721,1.2113
20050722,1.2079
20050725,1.2054
20050726,1.2007
20050727,1.2048
20050728,1.2121
20050729,1.2129
20050801,1.2195
20050802,1.2209
20050803,1.2337
20050804,1.2383
20050805,1.2327
20050808,1.2361
20050809,1.2347
20050810,1.2345
20050811,1.2434
20050812,1.2428
20050815,1.2362
20050816,1.2342
20050817,1.2290
20050818,1.2178
20050819,1.2147
20050822,1.2235
20050823,1.2213
20050824,1.2239
20050825,1.2311
20050826,1.2324
20050829,1.2248
20050830,1.2204
20050831,1.2330
20050901,1.2447
20050902,1.2538
20050906,1.2483
20050907,1.2439
20050908,1.2400
20050909,1.2433
20050912,1.2288
20050913,1.2263
20050914,1.2282
20050915,1.2216
20050916,1.2214
20050919,1.2153
20050920,1.2177
20050921,1.2208
20050922,1.2153
20050923,1.2077
20050926,1.2036
20050927,1.2011
20050928,1.2016
20050929,1.2020
20050930,1.2058
20051003,1.1914
20051004,1.1918
20051005,1.1984
20051006,1.2133
20051007,1.2115
20051011,1.2015
20051012,1.2040
20051013,1.1938
20051014,1.2073
20051017,1.2040
20051018,1.1939
20051019,1.1988
20051020,1.1982
20051021,1.1958
20051024,1.1998
20051025,1.2099
20051026,1.2082
20051027,1.2148
20051028,1.2089
20051031,1.1995
20051101,1.1998
20051102,1.2067
20051103,1.1971
20051104,1.1828
20051107,1.1795
20051108,1.1773
20051109,1.1748
20051110,1.1740
20051114,1.1667
20051115,1.1695
20051116,1.1672
20051117,1.1706
20051118,1.1741
20051121,1.1734
20051122,1.1737
20051123,1.1799
20051125,1.1724
20051128,1.1804
20051129,1.1786
20051130,1.1790
20051201,1.1702
20051202,1.1699
20051205,1.1787
20051206,1.1784
20051207,1.1722
20051208,1.1830
20051209,1.1824
20051212,1.1969
20051213,1.1926
20051214,1.2041
20051215,1.1965
20051216,1.2012
20051219,1.1996
20051220,1.1848
20051221,1.1816
20051222,1.1883
20051223,1.1857
20051227,1.1856
20051228,1.1875
20051229,1.1846
20051230,1.1842
20060103,1.1980
20060104,1.2091
20060105,1.2101
20060106,1.2148
20060109,1.2064
20060110,1.2063
20060111,1.2135
20060112,1.2035
20060113,1.2103
20060117,1.2073
20060118,1.2083
20060119,1.2110
20060120,1.2101
20060123,1.2276
20060124,1.2287
20060125,1.2252
20060126,1.2229
20060127,1.2130
20060130,1.2091
20060131,1.2158
20060201,1.2092
20060202,1.2100
20060203,1.2021
20060206,1.1971
20060207,1.1974
20060208,1.1935
20060209,1.1963
20060210,1.1920
20060213,1.1905
20060214,1.1895
20060215,1.1884
20060216,1.1882
20060217,1.1906
20060221,1.1912
20060222,1.1905
20060223,1.1923
20060224,1.1882
20060227,1.1860
20060228,1.1925
20060301,1.1899
20060302,1.2003
20060303,1.2028
20060306,1.2002
20060307,1.1888
20060308,1.1914
20060309,1.1920
20060310,1.1886
20060313,1.1942
20060314,1.2025
20060315,1.2045
20060316,1.2151
20060317,1.2197
20060320,1.2168
20060321,1.2079
20060322,1.2095
20060323,1.1984
20060324,1.2034
20060327,1.2015
20060328,1.2078
20060329,1.2030
20060330,1.2132
20060331,1.2139
20060403,1.2124
20060404,1.2258
20060405,1.2272
20060406,1.2216
20060407,1.2109
20060410,1.2091
20060411,1.2125
20060412,1.2107
20060413,1.2107
20060414,1.2106
20060417,1.2267
20060418,1.2274
20060419,1.2345
20060420,1.2326
20060421,1.2340
20060424,1.2373
20060425,1.2412
20060426,1.2464
20060427,1.2525
20060428,1.2624
20060501,1.2607
20060502,1.2644
20060503,1.2639
20060504,1.2684
20060505,1.2733
20060508,1.2720
20060509,1.2747
20060510,1.2799
20060511,1.2855
20060512,1.2888
20060515,1.2826
20060516,1.2817
20060517,1.2722
20060518,1.2795
20060519,1.2750
20060522,1.2850
20060523,1.2844
20060524,1.2747
20060525,1.2777
20060526,1.2739
20060530,1.2868
20060531,1.2833
20060601,1.2824
20060602,1.2912
20060605,1.2953
20060606,1.2828
20060607,1.2799
20060608,1.2648
20060609,1.2636
20060612,1.2587
20060613,1.2574
20060614,1.2631
20060615,1.2616
20060616,1.2623
20060619,1.2577
20060620,1.2568
20060621,1.2665
20060622,1.2582
20060623,1.2522
20060626,1.2554
20060627,1.2589
20060628,1.2532
20060629,1.2534
20060630,1.2779
20060703,1.2793
20060705,1.2726
20060706,1.2757
20060707,1.2822
20060710,1.2751
20060711,1.2754
20060712,1.2706
20060713,1.2673
20060714,1.2641
20060717,1.2529
20060718,1.2500
20060719,1.2560
20060720,1.2639
20060721,1.2684
20060724,1.2630
20060725,1.2576
20060726,1.2628
20060727,1.2732
20060728,1.2748
20060731,1.2764
20060801,1.2778
20060802,1.2798
20060803,1.2779
20060804,1.2894
20060807,1.2867
20060808,1.2839
20060809,1.2888
20060810,1.2765
20060811,1.2757
20060814,1.2735
20060815,1.2788
20060816,1.2864
20060817,1.2870
20060818,1.2810
20060821,1.2914
20060822,1.2804
20060823,1.2794
20060824,1.2760
20060825,1.2767
20060828,1.2784
20060829,1.2768
20060830,1.2825
20060831,1.2793
20060901,1.2833
20060905,1.2810
20060906,1.2787
20060907,1.2757
20060908,1.2673
20060911,1.2699
20060912,1.2693
20060913,1.2708
20060914,1.2736
20060915,1.2648
20060918,1.2671
20060919,1.2683
20060920,1.2701
20060921,1.2730
20060922,1.2796
20060925,1.2747
20060926,1.2687
20060927,1.2699
20060928,1.2697
20060929,1.2687
20061002,1.2744
20061003,1.2727
20061004,1.2687
20061005,1.2687
20061006,1.2600
20061010,1.2541
20061011,1.2547
20061012,1.2537
20061013,1.2502
20061016,1.2518
20061017,1.2564
20061018,1.2516
20061019,1.2594
20061020,1.2613
20061023,1.2544
20061024,1.2565
20061025,1.2591
20061026,1.2669
20061027,1.2725
20061030,1.2717
20061031,1.2773
20061101,1.2771
20061102,1.2780
20061103,1.2705
20061106,1.2715
20061107,1.2806
20061108,1.2775
20061109,1.2835
20061110,1.2861
20061113,1.2810
20061114,1.2812
20061115,1.2808
20061116,1.2808
20061117,1.2823
20061120,1.2810
20061121,1.2824
20061122,1.2928
20061124,1.3081
20061127,1.3120
20061128,1.3162
20061129,1.3146
20061130,1.3261
20061201,1.3316
20061204,1.3327
20061205,1.3327
20061206,1.3307
20061207,1.3296
20061208,1.3215
20061211,1.3223
20061212,1.3233
20061213,1.3215
20061214,1.3174
20061215,1.3095
20061218,1.3073
20061219,1.3194
20061220,1.3183
20061221,1.3175
20061222,1.3131
20061226,1.3132
20061227,1.3125
20061228,1.3158
20061229,1.3197
20070102,1.3286
20070103,1.3169
20070104,1.3094
20070105,1.3005
20070108,1.3023
20070109,1.2995
20070110,1.2940
20070111,1.2904
20070112,1.2926
20070116,1.2918
20070117,1.2948
20070118,1.2942
20070119,1.2968
20070122,1.2957
20070123,1.3025
20070124,1.2964
20070125,1.2980
20070126,1.2909
20070129,1.2948
20070130,1.2954
20070131,1.2998
20070201,1.3021
20070202,1.2960
20070205,1.2933
20070206,1.2969
20070207,1.3020
20070208,1.3034
20070209,1.3005
20070212,1.2962
20070213,1.3024
20070214,1.3126
20070215,1.3140
20070216,1.3137
20070220,1.3134
20070221,1.3126
20070222,1.3134
20070223,1.3164
20070226,1.3159
20070227,1.3246
20070228,1.3230
20070301,1.3173
20070302,1.3182
20070305,1.3094
20070306,1.3108
20070307,1.3148
20070308,1.3129
20070309,1.3118
20070312,1.3186
20070313,1.3199
20070314,1.3227
20070315,1.3249
20070316,1.3307
20070319,1.3299
20070320,1.3291
